A,B
muc,cha_ca
cha_ca,muc
rieu_cua,cha_ca
cha_ca,rieu_cua
thit_ga,cha_ca
cha_ca,thit_ga
tom_su,cha_ca
cha_ca,tom_su
tom_tich,cha_ca
cha_ca,tom_tich
gio_heo,cha_thanh2
cha_thanh2,gio_heo
thit_bo,cha_thanh2
cha_thanh2,thit_bo
thit_bo,gio_heo
gio_heo,thit_bo
rieu_cua,muc
muc,rieu_cua
thit_ga,muc
muc,thit_ga
tom_su,muc
muc,tom_su
tom_tich,muc
muc,tom_tich
thit_ga,rieu_cua
rieu_cua,thit_ga
tom_su,rieu_cua
rieu_cua,tom_su
tom_tich,rieu_cua
rieu_cua,tom_tich
tom_su,thit_ga
thit_ga,tom_su
tom_tich,thit_ga
thit_ga,tom_tich
tom_tich,tom_su
tom_su,tom_tich
muc,cha_ca
rieu_cua,cha_ca
cha_ca,muc
rieu_cua,muc
cha_ca,rieu_cua
muc,rieu_cua
rieu_cua,cha_ca
rieu_cua,muc
muc,cha_ca
muc,rieu_cua
cha_ca,muc
cha_ca,rieu_cua
muc,cha_ca
thit_ga,cha_ca
cha_ca,muc
thit_ga,muc
cha_ca,thit_ga
muc,thit_ga
thit_ga,cha_ca
thit_ga,muc
muc,cha_ca
muc,thit_ga
cha_ca,muc
cha_ca,thit_ga
muc,cha_ca
tom_su,cha_ca
cha_ca,muc
tom_su,muc
cha_ca,tom_su
muc,tom_su
tom_su,cha_ca
tom_su,muc
muc,cha_ca
muc,tom_su
cha_ca,muc
cha_ca,tom_su
muc,cha_ca
tom_tich,cha_ca
cha_ca,muc
tom_tich,muc
cha_ca,tom_tich
muc,tom_tich
tom_tich,cha_ca
tom_tich,muc
muc,cha_ca
muc,tom_tich
cha_ca,muc
cha_ca,tom_tich
rieu_cua,cha_ca
thit_ga,cha_ca
cha_ca,rieu_cua
thit_ga,rieu_cua
cha_ca,thit_ga
rieu_cua,thit_ga
thit_ga,cha_ca
thit_ga,rieu_cua
rieu_cua,cha_ca
rieu_cua,thit_ga
cha_ca,rieu_cua
cha_ca,thit_ga
rieu_cua,cha_ca
tom_su,cha_ca
cha_ca,rieu_cua
tom_su,rieu_cua
cha_ca,tom_su
rieu_cua,tom_su
tom_su,cha_ca
tom_su,rieu_cua
rieu_cua,cha_ca
rieu_cua,tom_su
cha_ca,rieu_cua
cha_ca,tom_su
rieu_cua,cha_ca
tom_tich,cha_ca
cha_ca,rieu_cua
tom_tich,rieu_cua
cha_ca,tom_tich
rieu_cua,tom_tich
tom_tich,cha_ca
tom_tich,rieu_cua
rieu_cua,cha_ca
rieu_cua,tom_tich
cha_ca,rieu_cua
cha_ca,tom_tich
thit_ga,cha_ca
tom_su,cha_ca
cha_ca,thit_ga
tom_su,thit_ga
cha_ca,tom_su
thit_ga,tom_su
tom_su,cha_ca
tom_su,thit_ga
thit_ga,cha_ca
thit_ga,tom_su
cha_ca,thit_ga
cha_ca,tom_su
thit_ga,cha_ca
tom_tich,cha_ca
cha_ca,thit_ga
tom_tich,thit_ga
cha_ca,tom_tich
thit_ga,tom_tich
tom_tich,cha_ca
tom_tich,thit_ga
thit_ga,cha_ca
thit_ga,tom_tich
cha_ca,thit_ga
cha_ca,tom_tich
tom_su,cha_ca
tom_tich,cha_ca
cha_ca,tom_su
tom_tich,tom_su
cha_ca,tom_tich
tom_su,tom_tich
tom_tich,cha_ca
tom_tich,tom_su
tom_su,cha_ca
tom_su,tom_tich
cha_ca,tom_su
cha_ca,tom_tich
gio_heo,cha_thanh2
thit_bo,cha_thanh2
cha_thanh2,gio_heo
thit_bo,gio_heo
cha_thanh2,thit_bo
gio_heo,thit_bo
thit_bo,cha_thanh2
thit_bo,gio_heo
gio_heo,cha_thanh2
gio_heo,thit_bo
cha_thanh2,gio_heo
cha_thanh2,thit_bo
rieu_cua,muc
thit_ga,muc
muc,rieu_cua
thit_ga,rieu_cua
muc,thit_ga
rieu_cua,thit_ga
thit_ga,muc
thit_ga,rieu_cua
rieu_cua,muc
rieu_cua,thit_ga
muc,rieu_cua
muc,thit_ga
rieu_cua,muc
tom_su,muc
muc,rieu_cua
tom_su,rieu_cua
muc,tom_su
rieu_cua,tom_su
tom_su,muc
tom_su,rieu_cua
rieu_cua,muc
rieu_cua,tom_su
muc,rieu_cua
muc,tom_su
rieu_cua,muc
tom_tich,muc
muc,rieu_cua
tom_tich,rieu_cua
muc,tom_tich
rieu_cua,tom_tich
tom_tich,muc
tom_tich,rieu_cua
rieu_cua,muc
rieu_cua,tom_tich
muc,rieu_cua
muc,tom_tich
thit_ga,muc
tom_su,muc
muc,thit_ga
tom_su,thit_ga
muc,tom_su
thit_ga,tom_su
tom_su,muc
tom_su,thit_ga
thit_ga,muc
thit_ga,tom_su
muc,thit_ga
muc,tom_su
thit_ga,muc
tom_tich,muc
muc,thit_ga
tom_tich,thit_ga
muc,tom_tich
thit_ga,tom_tich
tom_tich,muc
tom_tich,thit_ga
thit_ga,muc
thit_ga,tom_tich
muc,thit_ga
muc,tom_tich
tom_su,muc
tom_tich,muc
muc,tom_su
tom_tich,tom_su
muc,tom_tich
tom_su,tom_tich
tom_tich,muc
tom_tich,tom_su
tom_su,muc
tom_su,tom_tich
muc,tom_su
muc,tom_tich
thit_ga,rieu_cua
tom_su,rieu_cua
rieu_cua,thit_ga
tom_su,thit_ga
rieu_cua,tom_su
thit_ga,tom_su
tom_su,rieu_cua
tom_su,thit_ga
thit_ga,rieu_cua
thit_ga,tom_su
rieu_cua,thit_ga
rieu_cua,tom_su
thit_ga,rieu_cua
tom_tich,rieu_cua
rieu_cua,thit_ga
tom_tich,thit_ga
rieu_cua,tom_tich
thit_ga,tom_tich
tom_tich,rieu_cua
tom_tich,thit_ga
thit_ga,rieu_cua
thit_ga,tom_tich
rieu_cua,thit_ga
rieu_cua,tom_tich
tom_su,rieu_cua
tom_tich,rieu_cua
rieu_cua,tom_su
tom_tich,tom_su
rieu_cua,tom_tich
tom_su,tom_tich
tom_tich,rieu_cua
tom_tich,tom_su
tom_su,rieu_cua
tom_su,tom_tich
rieu_cua,tom_su
rieu_cua,tom_tich
tom_su,thit_ga
tom_tich,thit_ga
thit_ga,tom_su
tom_tich,tom_su
thit_ga,tom_tich
tom_su,tom_tich
tom_tich,thit_ga
tom_tich,tom_su
tom_su,thit_ga
tom_su,tom_tich
thit_ga,tom_su
thit_ga,tom_tich
muc,cha_ca
rieu_cua,cha_ca
thit_ga,cha_ca
cha_ca,muc
rieu_cua,muc
thit_ga,muc
cha_ca,rieu_cua
muc,rieu_cua
thit_ga,rieu_cua
cha_ca,thit_ga
muc,thit_ga
rieu_cua,thit_ga
rieu_cua,cha_ca
rieu_cua,muc
thit_ga,cha_ca
thit_ga,muc
muc,cha_ca
muc,rieu_cua
thit_ga,cha_ca
thit_ga,rieu_cua
muc,cha_ca
muc,thit_ga
rieu_cua,cha_ca
rieu_cua,thit_ga
cha_ca,muc
cha_ca,rieu_cua
thit_ga,muc
thit_ga,rieu_cua
cha_ca,muc
cha_ca,thit_ga
rieu_cua,muc
rieu_cua,thit_ga
cha_ca,rieu_cua
cha_ca,thit_ga
muc,rieu_cua
muc,thit_ga
thit_ga,cha_ca
thit_ga,muc
thit_ga,rieu_cua
rieu_cua,cha_ca
rieu_cua,muc
rieu_cua,thit_ga
muc,cha_ca
muc,rieu_cua
muc,thit_ga
cha_ca,muc
cha_ca,rieu_cua
cha_ca,thit_ga
muc,cha_ca
rieu_cua,cha_ca
tom_su,cha_ca
cha_ca,muc
rieu_cua,muc
tom_su,muc
cha_ca,rieu_cua
muc,rieu_cua
tom_su,rieu_cua
cha_ca,tom_su
muc,tom_su
rieu_cua,tom_su
rieu_cua,cha_ca
rieu_cua,muc
tom_su,cha_ca
tom_su,muc
muc,cha_ca
muc,rieu_cua
tom_su,cha_ca
tom_su,rieu_cua
muc,cha_ca
muc,tom_su
rieu_cua,cha_ca
rieu_cua,tom_su
cha_ca,muc
cha_ca,rieu_cua
tom_su,muc
tom_su,rieu_cua
cha_ca,muc
cha_ca,tom_su
rieu_cua,muc
rieu_cua,tom_su
cha_ca,rieu_cua
cha_ca,tom_su
muc,rieu_cua
muc,tom_su
tom_su,cha_ca
tom_su,muc
tom_su,rieu_cua
rieu_cua,cha_ca
rieu_cua,muc
rieu_cua,tom_su
muc,cha_ca
muc,rieu_cua
muc,tom_su
cha_ca,muc
cha_ca,rieu_cua
cha_ca,tom_su
muc,cha_ca
rieu_cua,cha_ca
tom_tich,cha_ca
cha_ca,muc
rieu_cua,muc
tom_tich,muc
cha_ca,rieu_cua
muc,rieu_cua
tom_tich,rieu_cua
cha_ca,tom_tich
muc,tom_tich
rieu_cua,tom_tich
rieu_cua,cha_ca
rieu_cua,muc
tom_tich,cha_ca
tom_tich,muc
muc,cha_ca
muc,rieu_cua
tom_tich,cha_ca
tom_tich,rieu_cua
muc,cha_ca
muc,tom_tich
rieu_cua,cha_ca
rieu_cua,tom_tich
cha_ca,muc
cha_ca,rieu_cua
tom_tich,muc
tom_tich,rieu_cua
cha_ca,muc
cha_ca,tom_tich
rieu_cua,muc
rieu_cua,tom_tich
cha_ca,rieu_cua
cha_ca,tom_tich
muc,rieu_cua
muc,tom_tich
tom_tich,cha_ca
tom_tich,muc
tom_tich,rieu_cua
rieu_cua,cha_ca
rieu_cua,muc
rieu_cua,tom_tich
muc,cha_ca
muc,rieu_cua
muc,tom_tich
cha_ca,muc
cha_ca,rieu_cua
cha_ca,tom_tich
muc,cha_ca
thit_ga,cha_ca
tom_su,cha_ca
cha_ca,muc
thit_ga,muc
tom_su,muc
cha_ca,thit_ga
muc,thit_ga
tom_su,thit_ga
cha_ca,tom_su
muc,tom_su
thit_ga,tom_su
thit_ga,cha_ca
thit_ga,muc
tom_su,cha_ca
tom_su,muc
muc,cha_ca
muc,thit_ga
tom_su,cha_ca
tom_su,thit_ga
muc,cha_ca
muc,tom_su
thit_ga,cha_ca
thit_ga,tom_su
cha_ca,muc
cha_ca,thit_ga
tom_su,muc
tom_su,thit_ga
cha_ca,muc
cha_ca,tom_su
thit_ga,muc
thit_ga,tom_su
cha_ca,thit_ga
cha_ca,tom_su
muc,thit_ga
muc,tom_su
tom_su,cha_ca
tom_su,muc
tom_su,thit_ga
thit_ga,cha_ca
thit_ga,muc
thit_ga,tom_su
muc,cha_ca
muc,thit_ga
muc,tom_su
cha_ca,muc
cha_ca,thit_ga
cha_ca,tom_su
muc,cha_ca
thit_ga,cha_ca
tom_tich,cha_ca
cha_ca,muc
thit_ga,muc
tom_tich,muc
cha_ca,thit_ga
muc,thit_ga
tom_tich,thit_ga
cha_ca,tom_tich
muc,tom_tich
thit_ga,tom_tich
thit_ga,cha_ca
thit_ga,muc
tom_tich,cha_ca
tom_tich,muc
muc,cha_ca
muc,thit_ga
tom_tich,cha_ca
tom_tich,thit_ga
muc,cha_ca
muc,tom_tich
thit_ga,cha_ca
thit_ga,tom_tich
cha_ca,muc
cha_ca,thit_ga
tom_tich,muc
tom_tich,thit_ga
cha_ca,muc
cha_ca,tom_tich
thit_ga,muc
thit_ga,tom_tich
cha_ca,thit_ga
cha_ca,tom_tich
muc,thit_ga
muc,tom_tich
tom_tich,cha_ca
tom_tich,muc
tom_tich,thit_ga
thit_ga,cha_ca
thit_ga,muc
thit_ga,tom_tich
muc,cha_ca
muc,thit_ga
muc,tom_tich
cha_ca,muc
cha_ca,thit_ga
cha_ca,tom_tich
muc,cha_ca
tom_su,cha_ca
tom_tich,cha_ca
cha_ca,muc
tom_su,muc
tom_tich,muc
cha_ca,tom_su
muc,tom_su
tom_tich,tom_su
cha_ca,tom_tich
muc,tom_tich
tom_su,tom_tich
tom_su,cha_ca
tom_su,muc
tom_tich,cha_ca
tom_tich,muc
muc,cha_ca
muc,tom_su
tom_tich,cha_ca
tom_tich,tom_su
muc,cha_ca
muc,tom_tich
tom_su,cha_ca
tom_su,tom_tich
cha_ca,muc
cha_ca,tom_su
tom_tich,muc
tom_tich,tom_su
cha_ca,muc
cha_ca,tom_tich
tom_su,muc
tom_su,tom_tich
cha_ca,tom_su
cha_ca,tom_tich
muc,tom_su
muc,tom_tich
tom_tich,cha_ca
tom_tich,muc
tom_tich,tom_su
tom_su,cha_ca
tom_su,muc
tom_su,tom_tich
muc,cha_ca
muc,tom_su
muc,tom_tich
cha_ca,muc
cha_ca,tom_su
cha_ca,tom_tich
rieu_cua,cha_ca
thit_ga,cha_ca
tom_su,cha_ca
cha_ca,rieu_cua
thit_ga,rieu_cua
tom_su,rieu_cua
cha_ca,thit_ga
rieu_cua,thit_ga
tom_su,thit_ga
cha_ca,tom_su
rieu_cua,tom_su
thit_ga,tom_su
thit_ga,cha_ca
thit_ga,rieu_cua
tom_su,cha_ca
tom_su,rieu_cua
rieu_cua,cha_ca
rieu_cua,thit_ga
tom_su,cha_ca
tom_su,thit_ga
rieu_cua,cha_ca
rieu_cua,tom_su
thit_ga,cha_ca
thit_ga,tom_su
cha_ca,rieu_cua
cha_ca,thit_ga
tom_su,rieu_cua
tom_su,thit_ga
cha_ca,rieu_cua
cha_ca,tom_su
thit_ga,rieu_cua
thit_ga,tom_su
cha_ca,thit_ga
cha_ca,tom_su
rieu_cua,thit_ga
rieu_cua,tom_su
tom_su,cha_ca
tom_su,rieu_cua
tom_su,thit_ga
thit_ga,cha_ca
thit_ga,rieu_cua
thit_ga,tom_su
rieu_cua,cha_ca
rieu_cua,thit_ga
rieu_cua,tom_su
cha_ca,rieu_cua
cha_ca,thit_ga
cha_ca,tom_su
rieu_cua,cha_ca
thit_ga,cha_ca
tom_tich,cha_ca
cha_ca,rieu_cua
thit_ga,rieu_cua
tom_tich,rieu_cua
cha_ca,thit_ga
rieu_cua,thit_ga
tom_tich,thit_ga
cha_ca,tom_tich
rieu_cua,tom_tich
thit_ga,tom_tich
thit_ga,cha_ca
thit_ga,rieu_cua
tom_tich,cha_ca
tom_tich,rieu_cua
rieu_cua,cha_ca
rieu_cua,thit_ga
tom_tich,cha_ca
tom_tich,thit_ga
rieu_cua,cha_ca
rieu_cua,tom_tich
thit_ga,cha_ca
thit_ga,tom_tich
cha_ca,rieu_cua
cha_ca,thit_ga
tom_tich,rieu_cua
tom_tich,thit_ga
cha_ca,rieu_cua
cha_ca,tom_tich
thit_ga,rieu_cua
thit_ga,tom_tich
cha_ca,thit_ga
cha_ca,tom_tich
rieu_cua,thit_ga
rieu_cua,tom_tich
tom_tich,cha_ca
tom_tich,rieu_cua
tom_tich,thit_ga
thit_ga,cha_ca
thit_ga,rieu_cua
thit_ga,tom_tich
rieu_cua,cha_ca
rieu_cua,thit_ga
rieu_cua,tom_tich
cha_ca,rieu_cua
cha_ca,thit_ga
cha_ca,tom_tich
rieu_cua,cha_ca
tom_su,cha_ca
tom_tich,cha_ca
cha_ca,rieu_cua
tom_su,rieu_cua
tom_tich,rieu_cua
cha_ca,tom_su
rieu_cua,tom_su
tom_tich,tom_su
cha_ca,tom_tich
rieu_cua,tom_tich
tom_su,tom_tich
tom_su,cha_ca
tom_su,rieu_cua
tom_tich,cha_ca
tom_tich,rieu_cua
rieu_cua,cha_ca
rieu_cua,tom_su
tom_tich,cha_ca
tom_tich,tom_su
rieu_cua,cha_ca
rieu_cua,tom_tich
tom_su,cha_ca
tom_su,tom_tich
cha_ca,rieu_cua
cha_ca,tom_su
tom_tich,rieu_cua
tom_tich,tom_su
cha_ca,rieu_cua
cha_ca,tom_tich
tom_su,rieu_cua
tom_su,tom_tich
cha_ca,tom_su
cha_ca,tom_tich
rieu_cua,tom_su
rieu_cua,tom_tich
tom_tich,cha_ca
tom_tich,rieu_cua
tom_tich,tom_su
tom_su,cha_ca
tom_su,rieu_cua
tom_su,tom_tich
rieu_cua,cha_ca
rieu_cua,tom_su
rieu_cua,tom_tich
cha_ca,rieu_cua
cha_ca,tom_su
cha_ca,tom_tich
thit_ga,cha_ca
tom_su,cha_ca
tom_tich,cha_ca
cha_ca,thit_ga
tom_su,thit_ga
tom_tich,thit_ga
cha_ca,tom_su
thit_ga,tom_su
tom_tich,tom_su
cha_ca,tom_tich
thit_ga,tom_tich
tom_su,tom_tich
tom_su,cha_ca
tom_su,thit_ga
tom_tich,cha_ca
tom_tich,thit_ga
thit_ga,cha_ca
thit_ga,tom_su
tom_tich,cha_ca
tom_tich,tom_su
thit_ga,cha_ca
thit_ga,tom_tich
tom_su,cha_ca
tom_su,tom_tich
cha_ca,thit_ga
cha_ca,tom_su
tom_tich,thit_ga
tom_tich,tom_su
cha_ca,thit_ga
cha_ca,tom_tich
tom_su,thit_ga
tom_su,tom_tich
cha_ca,tom_su
cha_ca,tom_tich
thit_ga,tom_su
thit_ga,tom_tich
tom_tich,cha_ca
tom_tich,thit_ga
tom_tich,tom_su
tom_su,cha_ca
tom_su,thit_ga
tom_su,tom_tich
thit_ga,cha_ca
thit_ga,tom_su
thit_ga,tom_tich
cha_ca,thit_ga
cha_ca,tom_su
cha_ca,tom_tich
rieu_cua,muc
thit_ga,muc
tom_su,muc
muc,rieu_cua
thit_ga,rieu_cua
tom_su,rieu_cua
muc,thit_ga
rieu_cua,thit_ga
tom_su,thit_ga
muc,tom_su
rieu_cua,tom_su
thit_ga,tom_su
thit_ga,muc
thit_ga,rieu_cua
tom_su,muc
tom_su,rieu_cua
rieu_cua,muc
rieu_cua,thit_ga
tom_su,muc
tom_su,thit_ga
rieu_cua,muc
rieu_cua,tom_su
thit_ga,muc
thit_ga,tom_su
muc,rieu_cua
muc,thit_ga
tom_su,rieu_cua
tom_su,thit_ga
muc,rieu_cua
muc,tom_su
thit_ga,rieu_cua
thit_ga,tom_su
muc,thit_ga
muc,tom_su
rieu_cua,thit_ga
rieu_cua,tom_su
tom_su,muc
tom_su,rieu_cua
tom_su,thit_ga
thit_ga,muc
thit_ga,rieu_cua
thit_ga,tom_su
rieu_cua,muc
rieu_cua,thit_ga
rieu_cua,tom_su
muc,rieu_cua
muc,thit_ga
muc,tom_su
rieu_cua,muc
thit_ga,muc
tom_tich,muc
muc,rieu_cua
thit_ga,rieu_cua
tom_tich,rieu_cua
muc,thit_ga
rieu_cua,thit_ga
tom_tich,thit_ga
muc,tom_tich
rieu_cua,tom_tich
thit_ga,tom_tich
thit_ga,muc
thit_ga,rieu_cua
tom_tich,muc
tom_tich,rieu_cua
rieu_cua,muc
rieu_cua,thit_ga
tom_tich,muc
tom_tich,thit_ga
rieu_cua,muc
rieu_cua,tom_tich
thit_ga,muc
thit_ga,tom_tich
muc,rieu_cua
muc,thit_ga
tom_tich,rieu_cua
tom_tich,thit_ga
muc,rieu_cua
muc,tom_tich
thit_ga,rieu_cua
thit_ga,tom_tich
muc,thit_ga
muc,tom_tich
rieu_cua,thit_ga
rieu_cua,tom_tich
tom_tich,muc
tom_tich,rieu_cua
tom_tich,thit_ga
thit_ga,muc
thit_ga,rieu_cua
thit_ga,tom_tich
rieu_cua,muc
rieu_cua,thit_ga
rieu_cua,tom_tich
muc,rieu_cua
muc,thit_ga
muc,tom_tich
rieu_cua,muc
tom_su,muc
tom_tich,muc
muc,rieu_cua
tom_su,rieu_cua
tom_tich,rieu_cua
muc,tom_su
rieu_cua,tom_su
tom_tich,tom_su
muc,tom_tich
rieu_cua,tom_tich
tom_su,tom_tich
tom_su,muc
tom_su,rieu_cua
tom_tich,muc
tom_tich,rieu_cua
rieu_cua,muc
rieu_cua,tom_su
tom_tich,muc
tom_tich,tom_su
rieu_cua,muc
rieu_cua,tom_tich
tom_su,muc
tom_su,tom_tich
muc,rieu_cua
muc,tom_su
tom_tich,rieu_cua
tom_tich,tom_su
muc,rieu_cua
muc,tom_tich
tom_su,rieu_cua
tom_su,tom_tich
muc,tom_su
muc,tom_tich
rieu_cua,tom_su
rieu_cua,tom_tich
tom_tich,muc
tom_tich,rieu_cua
tom_tich,tom_su
tom_su,muc
tom_su,rieu_cua
tom_su,tom_tich
rieu_cua,muc
rieu_cua,tom_su
rieu_cua,tom_tich
muc,rieu_cua
muc,tom_su
muc,tom_tich
thit_ga,muc
tom_su,muc
tom_tich,muc
muc,thit_ga
tom_su,thit_ga
tom_tich,thit_ga
muc,tom_su
thit_ga,tom_su
tom_tich,tom_su
muc,tom_tich
thit_ga,tom_tich
tom_su,tom_tich
tom_su,muc
tom_su,thit_ga
tom_tich,muc
tom_tich,thit_ga
thit_ga,muc
thit_ga,tom_su
tom_tich,muc
tom_tich,tom_su
thit_ga,muc
thit_ga,tom_tich
tom_su,muc
tom_su,tom_tich
muc,thit_ga
muc,tom_su
tom_tich,thit_ga
tom_tich,tom_su
muc,thit_ga
muc,tom_tich
tom_su,thit_ga
tom_su,tom_tich
muc,tom_su
muc,tom_tich
thit_ga,tom_su
thit_ga,tom_tich
tom_tich,muc
tom_tich,thit_ga
tom_tich,tom_su
tom_su,muc
tom_su,thit_ga
tom_su,tom_tich
thit_ga,muc
thit_ga,tom_su
thit_ga,tom_tich
muc,thit_ga
muc,tom_su
muc,tom_tich
thit_ga,rieu_cua
tom_su,rieu_cua
tom_tich,rieu_cua
rieu_cua,thit_ga
tom_su,thit_ga
tom_tich,thit_ga
rieu_cua,tom_su
thit_ga,tom_su
tom_tich,tom_su
rieu_cua,tom_tich
thit_ga,tom_tich
tom_su,tom_tich
tom_su,rieu_cua
tom_su,thit_ga
tom_tich,rieu_cua
tom_tich,thit_ga
thit_ga,rieu_cua
thit_ga,tom_su
tom_tich,rieu_cua
tom_tich,tom_su
thit_ga,rieu_cua
thit_ga,tom_tich
tom_su,rieu_cua
tom_su,tom_tich
rieu_cua,thit_ga
rieu_cua,tom_su
tom_tich,thit_ga
tom_tich,tom_su
rieu_cua,thit_ga
rieu_cua,tom_tich
tom_su,thit_ga
tom_su,tom_tich
rieu_cua,tom_su
rieu_cua,tom_tich
thit_ga,tom_su
thit_ga,tom_tich
tom_tich,rieu_cua
tom_tich,thit_ga
tom_tich,tom_su
tom_su,rieu_cua
tom_su,thit_ga
tom_su,tom_tich
thit_ga,rieu_cua
thit_ga,tom_su
thit_ga,tom_tich
rieu_cua,thit_ga
rieu_cua,tom_su
rieu_cua,tom_tich
muc,cha_ca
rieu_cua,cha_ca
thit_ga,cha_ca
tom_su,cha_ca
cha_ca,muc
rieu_cua,muc
thit_ga,muc
tom_su,muc
cha_ca,rieu_cua
muc,rieu_cua
thit_ga,rieu_cua
tom_su,rieu_cua
cha_ca,thit_ga
muc,thit_ga
rieu_cua,thit_ga
tom_su,thit_ga
cha_ca,tom_su
muc,tom_su
rieu_cua,tom_su
thit_ga,tom_su
rieu_cua,cha_ca
rieu_cua,muc
thit_ga,cha_ca
thit_ga,muc
tom_su,cha_ca
tom_su,muc
muc,cha_ca
muc,rieu_cua
thit_ga,cha_ca
thit_ga,rieu_cua
tom_su,cha_ca
tom_su,rieu_cua
muc,cha_ca
muc,thit_ga
rieu_cua,cha_ca
rieu_cua,thit_ga
tom_su,cha_ca
tom_su,thit_ga
muc,cha_ca
muc,tom_su
rieu_cua,cha_ca
rieu_cua,tom_su
thit_ga,cha_ca
thit_ga,tom_su
cha_ca,muc
cha_ca,rieu_cua
thit_ga,muc
thit_ga,rieu_cua
tom_su,muc
tom_su,rieu_cua
cha_ca,muc
cha_ca,thit_ga
rieu_cua,muc
rieu_cua,thit_ga
tom_su,muc
tom_su,thit_ga
cha_ca,muc
cha_ca,tom_su
rieu_cua,muc
rieu_cua,tom_su
thit_ga,muc
thit_ga,tom_su
cha_ca,rieu_cua
cha_ca,thit_ga
muc,rieu_cua
muc,thit_ga
tom_su,rieu_cua
tom_su,thit_ga
cha_ca,rieu_cua
cha_ca,tom_su
muc,rieu_cua
muc,tom_su
thit_ga,rieu_cua
thit_ga,tom_su
cha_ca,thit_ga
cha_ca,tom_su
muc,thit_ga
muc,tom_su
rieu_cua,thit_ga
rieu_cua,tom_su
thit_ga,cha_ca
thit_ga,muc
thit_ga,rieu_cua
tom_su,cha_ca
tom_su,muc
tom_su,rieu_cua
rieu_cua,cha_ca
rieu_cua,muc
rieu_cua,thit_ga
tom_su,cha_ca
tom_su,muc
tom_su,thit_ga
rieu_cua,cha_ca
rieu_cua,muc
rieu_cua,tom_su
thit_ga,cha_ca
thit_ga,muc
thit_ga,tom_su
muc,cha_ca
muc,rieu_cua
muc,thit_ga
tom_su,cha_ca
tom_su,rieu_cua
tom_su,thit_ga
muc,cha_ca
muc,rieu_cua
muc,tom_su
thit_ga,cha_ca
thit_ga,rieu_cua
thit_ga,tom_su
muc,cha_ca
muc,thit_ga
muc,tom_su
rieu_cua,cha_ca
rieu_cua,thit_ga
rieu_cua,tom_su
cha_ca,muc
cha_ca,rieu_cua
cha_ca,thit_ga
tom_su,muc
tom_su,rieu_cua
tom_su,thit_ga
cha_ca,muc
cha_ca,rieu_cua
cha_ca,tom_su
thit_ga,muc
thit_ga,rieu_cua
thit_ga,tom_su
cha_ca,muc
cha_ca,thit_ga
cha_ca,tom_su
rieu_cua,muc
rieu_cua,thit_ga
rieu_cua,tom_su
cha_ca,rieu_cua
cha_ca,thit_ga
cha_ca,tom_su
muc,rieu_cua
muc,thit_ga
muc,tom_su
tom_su,cha_ca
tom_su,muc
tom_su,rieu_cua
tom_su,thit_ga
thit_ga,cha_ca
thit_ga,muc
thit_ga,rieu_cua
thit_ga,tom_su
rieu_cua,cha_ca
rieu_cua,muc
rieu_cua,thit_ga
rieu_cua,tom_su
muc,cha_ca
muc,rieu_cua
muc,thit_ga
muc,tom_su
cha_ca,muc
cha_ca,rieu_cua
cha_ca,thit_ga
cha_ca,tom_su
muc,cha_ca
rieu_cua,cha_ca
thit_ga,cha_ca
tom_tich,cha_ca
cha_ca,muc
rieu_cua,muc
thit_ga,muc
tom_tich,muc
cha_ca,rieu_cua
muc,rieu_cua
thit_ga,rieu_cua
tom_tich,rieu_cua
cha_ca,thit_ga
muc,thit_ga
rieu_cua,thit_ga
tom_tich,thit_ga
cha_ca,tom_tich
muc,tom_tich
rieu_cua,tom_tich
thit_ga,tom_tich
rieu_cua,cha_ca
rieu_cua,muc
thit_ga,cha_ca
thit_ga,muc
tom_tich,cha_ca
tom_tich,muc
muc,cha_ca
muc,rieu_cua
thit_ga,cha_ca
thit_ga,rieu_cua
tom_tich,cha_ca
tom_tich,rieu_cua
muc,cha_ca
muc,thit_ga
rieu_cua,cha_ca
rieu_cua,thit_ga
tom_tich,cha_ca
tom_tich,thit_ga
muc,cha_ca
muc,tom_tich
rieu_cua,cha_ca
rieu_cua,tom_tich
thit_ga,cha_ca
thit_ga,tom_tich
cha_ca,muc
cha_ca,rieu_cua
thit_ga,muc
thit_ga,rieu_cua
tom_tich,muc
tom_tich,rieu_cua
cha_ca,muc
cha_ca,thit_ga
rieu_cua,muc
rieu_cua,thit_ga
tom_tich,muc
tom_tich,thit_ga
cha_ca,muc
cha_ca,tom_tich
rieu_cua,muc
rieu_cua,tom_tich
thit_ga,muc
thit_ga,tom_tich
cha_ca,rieu_cua
cha_ca,thit_ga
muc,rieu_cua
muc,thit_ga
tom_tich,rieu_cua
tom_tich,thit_ga
cha_ca,rieu_cua
cha_ca,tom_tich
muc,rieu_cua
muc,tom_tich
thit_ga,rieu_cua
thit_ga,tom_tich
cha_ca,thit_ga
cha_ca,tom_tich
muc,thit_ga
muc,tom_tich
rieu_cua,thit_ga
rieu_cua,tom_tich
thit_ga,cha_ca
thit_ga,muc
thit_ga,rieu_cua
tom_tich,cha_ca
tom_tich,muc
tom_tich,rieu_cua
rieu_cua,cha_ca
rieu_cua,muc
rieu_cua,thit_ga
tom_tich,cha_ca
tom_tich,muc
tom_tich,thit_ga
rieu_cua,cha_ca
rieu_cua,muc
rieu_cua,tom_tich
thit_ga,cha_ca
thit_ga,muc
thit_ga,tom_tich
muc,cha_ca
muc,rieu_cua
muc,thit_ga
tom_tich,cha_ca
tom_tich,rieu_cua
tom_tich,thit_ga
muc,cha_ca
muc,rieu_cua
muc,tom_tich
thit_ga,cha_ca
thit_ga,rieu_cua
thit_ga,tom_tich
muc,cha_ca
muc,thit_ga
muc,tom_tich
rieu_cua,cha_ca
rieu_cua,thit_ga
rieu_cua,tom_tich
cha_ca,muc
cha_ca,rieu_cua
cha_ca,thit_ga
tom_tich,muc
tom_tich,rieu_cua
tom_tich,thit_ga
cha_ca,muc
cha_ca,rieu_cua
cha_ca,tom_tich
thit_ga,muc
thit_ga,rieu_cua
thit_ga,tom_tich
cha_ca,muc
cha_ca,thit_ga
cha_ca,tom_tich
rieu_cua,muc
rieu_cua,thit_ga
rieu_cua,tom_tich
cha_ca,rieu_cua
cha_ca,thit_ga
cha_ca,tom_tich
muc,rieu_cua
muc,thit_ga
muc,tom_tich
tom_tich,cha_ca
tom_tich,muc
tom_tich,rieu_cua
tom_tich,thit_ga
thit_ga,cha_ca
thit_ga,muc
thit_ga,rieu_cua
thit_ga,tom_tich
rieu_cua,cha_ca
rieu_cua,muc
rieu_cua,thit_ga
rieu_cua,tom_tich
muc,cha_ca
muc,rieu_cua
muc,thit_ga
muc,tom_tich
cha_ca,muc
cha_ca,rieu_cua
cha_ca,thit_ga
cha_ca,tom_tich
muc,cha_ca
rieu_cua,cha_ca
tom_su,cha_ca
tom_tich,cha_ca
cha_ca,muc
rieu_cua,muc
tom_su,muc
tom_tich,muc
cha_ca,rieu_cua
muc,rieu_cua
tom_su,rieu_cua
tom_tich,rieu_cua
cha_ca,tom_su
muc,tom_su
rieu_cua,tom_su
tom_tich,tom_su
cha_ca,tom_tich
muc,tom_tich
rieu_cua,tom_tich
tom_su,tom_tich
rieu_cua,cha_ca
rieu_cua,muc
tom_su,cha_ca
tom_su,muc
tom_tich,cha_ca
tom_tich,muc
muc,cha_ca
muc,rieu_cua
tom_su,cha_ca
tom_su,rieu_cua
tom_tich,cha_ca
tom_tich,rieu_cua
muc,cha_ca
muc,tom_su
rieu_cua,cha_ca
rieu_cua,tom_su
tom_tich,cha_ca
tom_tich,tom_su
muc,cha_ca
muc,tom_tich
rieu_cua,cha_ca
rieu_cua,tom_tich
tom_su,cha_ca
tom_su,tom_tich
cha_ca,muc
cha_ca,rieu_cua
tom_su,muc
tom_su,rieu_cua
tom_tich,muc
tom_tich,rieu_cua
cha_ca,muc
cha_ca,tom_su
rieu_cua,muc
rieu_cua,tom_su
tom_tich,muc
tom_tich,tom_su
cha_ca,muc
cha_ca,tom_tich
rieu_cua,muc
rieu_cua,tom_tich
tom_su,muc
tom_su,tom_tich
cha_ca,rieu_cua
cha_ca,tom_su
muc,rieu_cua
muc,tom_su
tom_tich,rieu_cua
tom_tich,tom_su
cha_ca,rieu_cua
cha_ca,tom_tich
muc,rieu_cua
muc,tom_tich
tom_su,rieu_cua
tom_su,tom_tich
cha_ca,tom_su
cha_ca,tom_tich
muc,tom_su
muc,tom_tich
rieu_cua,tom_su
rieu_cua,tom_tich
tom_su,cha_ca
tom_su,muc
tom_su,rieu_cua
tom_tich,cha_ca
tom_tich,muc
tom_tich,rieu_cua
rieu_cua,cha_ca
rieu_cua,muc
rieu_cua,tom_su
tom_tich,cha_ca
tom_tich,muc
tom_tich,tom_su
rieu_cua,cha_ca
rieu_cua,muc
rieu_cua,tom_tich
tom_su,cha_ca
tom_su,muc
tom_su,tom_tich
muc,cha_ca
muc,rieu_cua
muc,tom_su
tom_tich,cha_ca
tom_tich,rieu_cua
tom_tich,tom_su
muc,cha_ca
muc,rieu_cua
muc,tom_tich
tom_su,cha_ca
tom_su,rieu_cua
tom_su,tom_tich
muc,cha_ca
muc,tom_su
muc,tom_tich
rieu_cua,cha_ca
rieu_cua,tom_su
rieu_cua,tom_tich
cha_ca,muc
cha_ca,rieu_cua
cha_ca,tom_su
tom_tich,muc
tom_tich,rieu_cua
tom_tich,tom_su
cha_ca,muc
cha_ca,rieu_cua
cha_ca,tom_tich
tom_su,muc
tom_su,rieu_cua
tom_su,tom_tich
cha_ca,muc
cha_ca,tom_su
cha_ca,tom_tich
rieu_cua,muc
rieu_cua,tom_su
rieu_cua,tom_tich
cha_ca,rieu_cua
cha_ca,tom_su
cha_ca,tom_tich
muc,rieu_cua
muc,tom_su
muc,tom_tich
tom_tich,cha_ca
tom_tich,muc
tom_tich,rieu_cua
tom_tich,tom_su
tom_su,cha_ca
tom_su,muc
tom_su,rieu_cua
tom_su,tom_tich
rieu_cua,cha_ca
rieu_cua,muc
rieu_cua,tom_su
rieu_cua,tom_tich
muc,cha_ca
muc,rieu_cua
muc,tom_su
muc,tom_tich
cha_ca,muc
cha_ca,rieu_cua
cha_ca,tom_su
cha_ca,tom_tich
muc,cha_ca
thit_ga,cha_ca
tom_su,cha_ca
tom_tich,cha_ca
cha_ca,muc
thit_ga,muc
tom_su,muc
tom_tich,muc
cha_ca,thit_ga
muc,thit_ga
tom_su,thit_ga
tom_tich,thit_ga
cha_ca,tom_su
muc,tom_su
thit_ga,tom_su
tom_tich,tom_su
cha_ca,tom_tich
muc,tom_tich
thit_ga,tom_tich
tom_su,tom_tich
thit_ga,cha_ca
thit_ga,muc
tom_su,cha_ca
tom_su,muc
tom_tich,cha_ca
tom_tich,muc
muc,cha_ca
muc,thit_ga
tom_su,cha_ca
tom_su,thit_ga
tom_tich,cha_ca
tom_tich,thit_ga
muc,cha_ca
muc,tom_su
thit_ga,cha_ca
thit_ga,tom_su
tom_tich,cha_ca
tom_tich,tom_su
muc,cha_ca
muc,tom_tich
thit_ga,cha_ca
thit_ga,tom_tich
tom_su,cha_ca
tom_su,tom_tich
cha_ca,muc
cha_ca,thit_ga
tom_su,muc
tom_su,thit_ga
tom_tich,muc
tom_tich,thit_ga
cha_ca,muc
cha_ca,tom_su
thit_ga,muc
thit_ga,tom_su
tom_tich,muc
tom_tich,tom_su
cha_ca,muc
cha_ca,tom_tich
thit_ga,muc
thit_ga,tom_tich
tom_su,muc
tom_su,tom_tich
cha_ca,thit_ga
cha_ca,tom_su
muc,thit_ga
muc,tom_su
tom_tich,thit_ga
tom_tich,tom_su
cha_ca,thit_ga
cha_ca,tom_tich
muc,thit_ga
muc,tom_tich
tom_su,thit_ga
tom_su,tom_tich
cha_ca,tom_su
cha_ca,tom_tich
muc,tom_su
muc,tom_tich
thit_ga,tom_su
thit_ga,tom_tich
tom_su,cha_ca
tom_su,muc
tom_su,thit_ga
tom_tich,cha_ca
tom_tich,muc
tom_tich,thit_ga
thit_ga,cha_ca
thit_ga,muc
thit_ga,tom_su
tom_tich,cha_ca
tom_tich,muc
tom_tich,tom_su
thit_ga,cha_ca
thit_ga,muc
thit_ga,tom_tich
tom_su,cha_ca
tom_su,muc
tom_su,tom_tich
muc,cha_ca
muc,thit_ga
muc,tom_su
tom_tich,cha_ca
tom_tich,thit_ga
tom_tich,tom_su
muc,cha_ca
muc,thit_ga
muc,tom_tich
tom_su,cha_ca
tom_su,thit_ga
tom_su,tom_tich
muc,cha_ca
muc,tom_su
muc,tom_tich
thit_ga,cha_ca
thit_ga,tom_su
thit_ga,tom_tich
cha_ca,muc
cha_ca,thit_ga
cha_ca,tom_su
tom_tich,muc
tom_tich,thit_ga
tom_tich,tom_su
cha_ca,muc
cha_ca,thit_ga
cha_ca,tom_tich
tom_su,muc
tom_su,thit_ga
tom_su,tom_tich
cha_ca,muc
cha_ca,tom_su
cha_ca,tom_tich
thit_ga,muc
thit_ga,tom_su
thit_ga,tom_tich
cha_ca,thit_ga
cha_ca,tom_su
cha_ca,tom_tich
muc,thit_ga
muc,tom_su
muc,tom_tich
tom_tich,cha_ca
tom_tich,muc
tom_tich,thit_ga
tom_tich,tom_su
tom_su,cha_ca
tom_su,muc
tom_su,thit_ga
tom_su,tom_tich
thit_ga,cha_ca
thit_ga,muc
thit_ga,tom_su
thit_ga,tom_tich
muc,cha_ca
muc,thit_ga
muc,tom_su
muc,tom_tich
cha_ca,muc
cha_ca,thit_ga
cha_ca,tom_su
cha_ca,tom_tich
rieu_cua,cha_ca
thit_ga,cha_ca
tom_su,cha_ca
tom_tich,cha_ca
cha_ca,rieu_cua
thit_ga,rieu_cua
tom_su,rieu_cua
tom_tich,rieu_cua
cha_ca,thit_ga
rieu_cua,thit_ga
tom_su,thit_ga
tom_tich,thit_ga
cha_ca,tom_su
rieu_cua,tom_su
thit_ga,tom_su
tom_tich,tom_su
cha_ca,tom_tich
rieu_cua,tom_tich
thit_ga,tom_tich
tom_su,tom_tich
thit_ga,cha_ca
thit_ga,rieu_cua
tom_su,cha_ca
tom_su,rieu_cua
tom_tich,cha_ca
tom_tich,rieu_cua
rieu_cua,cha_ca
rieu_cua,thit_ga
tom_su,cha_ca
tom_su,thit_ga
tom_tich,cha_ca
tom_tich,thit_ga
rieu_cua,cha_ca
rieu_cua,tom_su
thit_ga,cha_ca
thit_ga,tom_su
tom_tich,cha_ca
tom_tich,tom_su
rieu_cua,cha_ca
rieu_cua,tom_tich
thit_ga,cha_ca
thit_ga,tom_tich
tom_su,cha_ca
tom_su,tom_tich
cha_ca,rieu_cua
cha_ca,thit_ga
tom_su,rieu_cua
tom_su,thit_ga
tom_tich,rieu_cua
tom_tich,thit_ga
cha_ca,rieu_cua
cha_ca,tom_su
thit_ga,rieu_cua
thit_ga,tom_su
tom_tich,rieu_cua
tom_tich,tom_su
cha_ca,rieu_cua
cha_ca,tom_tich
thit_ga,rieu_cua
thit_ga,tom_tich
tom_su,rieu_cua
tom_su,tom_tich
cha_ca,thit_ga
cha_ca,tom_su
rieu_cua,thit_ga
rieu_cua,tom_su
tom_tich,thit_ga
tom_tich,tom_su
cha_ca,thit_ga
cha_ca,tom_tich
rieu_cua,thit_ga
rieu_cua,tom_tich
tom_su,thit_ga
tom_su,tom_tich
cha_ca,tom_su
cha_ca,tom_tich
rieu_cua,tom_su
rieu_cua,tom_tich
thit_ga,tom_su
thit_ga,tom_tich
tom_su,cha_ca
tom_su,rieu_cua
tom_su,thit_ga
tom_tich,cha_ca
tom_tich,rieu_cua
tom_tich,thit_ga
thit_ga,cha_ca
thit_ga,rieu_cua
thit_ga,tom_su
tom_tich,cha_ca
tom_tich,rieu_cua
tom_tich,tom_su
thit_ga,cha_ca
thit_ga,rieu_cua
thit_ga,tom_tich
tom_su,cha_ca
tom_su,rieu_cua
tom_su,tom_tich
rieu_cua,cha_ca
rieu_cua,thit_ga
rieu_cua,tom_su
tom_tich,cha_ca
tom_tich,thit_ga
tom_tich,tom_su
rieu_cua,cha_ca
rieu_cua,thit_ga
rieu_cua,tom_tich
tom_su,cha_ca
tom_su,thit_ga
tom_su,tom_tich
rieu_cua,cha_ca
rieu_cua,tom_su
rieu_cua,tom_tich
thit_ga,cha_ca
thit_ga,tom_su
thit_ga,tom_tich
cha_ca,rieu_cua
cha_ca,thit_ga
cha_ca,tom_su
tom_tich,rieu_cua
tom_tich,thit_ga
tom_tich,tom_su
cha_ca,rieu_cua
cha_ca,thit_ga
cha_ca,tom_tich
tom_su,rieu_cua
tom_su,thit_ga
tom_su,tom_tich
cha_ca,rieu_cua
cha_ca,tom_su
cha_ca,tom_tich
thit_ga,rieu_cua
thit_ga,tom_su
thit_ga,tom_tich
cha_ca,thit_ga
cha_ca,tom_su
cha_ca,tom_tich
rieu_cua,thit_ga
rieu_cua,tom_su
rieu_cua,tom_tich
tom_tich,cha_ca
tom_tich,rieu_cua
tom_tich,thit_ga
tom_tich,tom_su
tom_su,cha_ca
tom_su,rieu_cua
tom_su,thit_ga
tom_su,tom_tich
thit_ga,cha_ca
thit_ga,rieu_cua
thit_ga,tom_su
thit_ga,tom_tich
rieu_cua,cha_ca
rieu_cua,thit_ga
rieu_cua,tom_su
rieu_cua,tom_tich
cha_ca,rieu_cua
cha_ca,thit_ga
cha_ca,tom_su
cha_ca,tom_tich
rieu_cua,muc
thit_ga,muc
tom_su,muc
tom_tich,muc
muc,rieu_cua
thit_ga,rieu_cua
tom_su,rieu_cua
tom_tich,rieu_cua
muc,thit_ga
rieu_cua,thit_ga
tom_su,thit_ga
tom_tich,thit_ga
muc,tom_su
rieu_cua,tom_su
thit_ga,tom_su
tom_tich,tom_su
muc,tom_tich
rieu_cua,tom_tich
thit_ga,tom_tich
tom_su,tom_tich
thit_ga,muc
thit_ga,rieu_cua
tom_su,muc
tom_su,rieu_cua
tom_tich,muc
tom_tich,rieu_cua
rieu_cua,muc
rieu_cua,thit_ga
tom_su,muc
tom_su,thit_ga
tom_tich,muc
tom_tich,thit_ga
rieu_cua,muc
rieu_cua,tom_su
thit_ga,muc
thit_ga,tom_su
tom_tich,muc
tom_tich,tom_su
rieu_cua,muc
rieu_cua,tom_tich
thit_ga,muc
thit_ga,tom_tich
tom_su,muc
tom_su,tom_tich
muc,rieu_cua
muc,thit_ga
tom_su,rieu_cua
tom_su,thit_ga
tom_tich,rieu_cua
tom_tich,thit_ga
muc,rieu_cua
muc,tom_su
thit_ga,rieu_cua
thit_ga,tom_su
tom_tich,rieu_cua
tom_tich,tom_su
muc,rieu_cua
muc,tom_tich
thit_ga,rieu_cua
thit_ga,tom_tich
tom_su,rieu_cua
tom_su,tom_tich
muc,thit_ga
muc,tom_su
rieu_cua,thit_ga
rieu_cua,tom_su
tom_tich,thit_ga
tom_tich,tom_su
muc,thit_ga
muc,tom_tich
rieu_cua,thit_ga
rieu_cua,tom_tich
tom_su,thit_ga
tom_su,tom_tich
muc,tom_su
muc,tom_tich
rieu_cua,tom_su
rieu_cua,tom_tich
thit_ga,tom_su
thit_ga,tom_tich
tom_su,muc
tom_su,rieu_cua
tom_su,thit_ga
tom_tich,muc
tom_tich,rieu_cua
tom_tich,thit_ga
thit_ga,muc
thit_ga,rieu_cua
thit_ga,tom_su
tom_tich,muc
tom_tich,rieu_cua
tom_tich,tom_su
thit_ga,muc
thit_ga,rieu_cua
thit_ga,tom_tich
tom_su,muc
tom_su,rieu_cua
tom_su,tom_tich
rieu_cua,muc
rieu_cua,thit_ga
rieu_cua,tom_su
tom_tich,muc
tom_tich,thit_ga
tom_tich,tom_su
rieu_cua,muc
rieu_cua,thit_ga
rieu_cua,tom_tich
tom_su,muc
tom_su,thit_ga
tom_su,tom_tich
rieu_cua,muc
rieu_cua,tom_su
rieu_cua,tom_tich
thit_ga,muc
thit_ga,tom_su
thit_ga,tom_tich
muc,rieu_cua
muc,thit_ga
muc,tom_su
tom_tich,rieu_cua
tom_tich,thit_ga
tom_tich,tom_su
muc,rieu_cua
muc,thit_ga
muc,tom_tich
tom_su,rieu_cua
tom_su,thit_ga
tom_su,tom_tich
muc,rieu_cua
muc,tom_su
muc,tom_tich
thit_ga,rieu_cua
thit_ga,tom_su
thit_ga,tom_tich
muc,thit_ga
muc,tom_su
muc,tom_tich
rieu_cua,thit_ga
rieu_cua,tom_su
rieu_cua,tom_tich
tom_tich,muc
tom_tich,rieu_cua
tom_tich,thit_ga
tom_tich,tom_su
tom_su,muc
tom_su,rieu_cua
tom_su,thit_ga
tom_su,tom_tich
thit_ga,muc
thit_ga,rieu_cua
thit_ga,tom_su
thit_ga,tom_tich
rieu_cua,muc
rieu_cua,thit_ga
rieu_cua,tom_su
rieu_cua,tom_tich
muc,rieu_cua
muc,thit_ga
muc,tom_su
muc,tom_tich
muc,cha_ca
rieu_cua,cha_ca
thit_ga,cha_ca
tom_su,cha_ca
tom_tich,cha_ca
cha_ca,muc
rieu_cua,muc
thit_ga,muc
tom_su,muc
tom_tich,muc
cha_ca,rieu_cua
muc,rieu_cua
thit_ga,rieu_cua
tom_su,rieu_cua
tom_tich,rieu_cua
cha_ca,thit_ga
muc,thit_ga
rieu_cua,thit_ga
tom_su,thit_ga
tom_tich,thit_ga
cha_ca,tom_su
muc,tom_su
rieu_cua,tom_su
thit_ga,tom_su
tom_tich,tom_su
cha_ca,tom_tich
muc,tom_tich
rieu_cua,tom_tich
thit_ga,tom_tich
tom_su,tom_tich
rieu_cua,cha_ca
rieu_cua,muc
thit_ga,cha_ca
thit_ga,muc
tom_su,cha_ca
tom_su,muc
tom_tich,cha_ca
tom_tich,muc
muc,cha_ca
muc,rieu_cua
thit_ga,cha_ca
thit_ga,rieu_cua
tom_su,cha_ca
tom_su,rieu_cua
tom_tich,cha_ca
tom_tich,rieu_cua
muc,cha_ca
muc,thit_ga
rieu_cua,cha_ca
rieu_cua,thit_ga
tom_su,cha_ca
tom_su,thit_ga
tom_tich,cha_ca
tom_tich,thit_ga
muc,cha_ca
muc,tom_su
rieu_cua,cha_ca
rieu_cua,tom_su
thit_ga,cha_ca
thit_ga,tom_su
tom_tich,cha_ca
tom_tich,tom_su
muc,cha_ca
muc,tom_tich
rieu_cua,cha_ca
rieu_cua,tom_tich
thit_ga,cha_ca
thit_ga,tom_tich
tom_su,cha_ca
tom_su,tom_tich
cha_ca,muc
cha_ca,rieu_cua
thit_ga,muc
thit_ga,rieu_cua
tom_su,muc
tom_su,rieu_cua
tom_tich,muc
tom_tich,rieu_cua
cha_ca,muc
cha_ca,thit_ga
rieu_cua,muc
rieu_cua,thit_ga
tom_su,muc
tom_su,thit_ga
tom_tich,muc
tom_tich,thit_ga
cha_ca,muc
cha_ca,tom_su
rieu_cua,muc
rieu_cua,tom_su
thit_ga,muc
thit_ga,tom_su
tom_tich,muc
tom_tich,tom_su
cha_ca,muc
cha_ca,tom_tich
rieu_cua,muc
rieu_cua,tom_tich
thit_ga,muc
thit_ga,tom_tich
tom_su,muc
tom_su,tom_tich
cha_ca,rieu_cua
cha_ca,thit_ga
muc,rieu_cua
muc,thit_ga
tom_su,rieu_cua
tom_su,thit_ga
tom_tich,rieu_cua
tom_tich,thit_ga
cha_ca,rieu_cua
cha_ca,tom_su
muc,rieu_cua
muc,tom_su
thit_ga,rieu_cua
thit_ga,tom_su
tom_tich,rieu_cua
tom_tich,tom_su
cha_ca,rieu_cua
cha_ca,tom_tich
muc,rieu_cua
muc,tom_tich
thit_ga,rieu_cua
thit_ga,tom_tich
tom_su,rieu_cua
tom_su,tom_tich
cha_ca,thit_ga
cha_ca,tom_su
muc,thit_ga
muc,tom_su
rieu_cua,thit_ga
rieu_cua,tom_su
tom_tich,thit_ga
tom_tich,tom_su
cha_ca,thit_ga
cha_ca,tom_tich
muc,thit_ga
muc,tom_tich
rieu_cua,thit_ga
rieu_cua,tom_tich
tom_su,thit_ga
tom_su,tom_tich
cha_ca,tom_su
cha_ca,tom_tich
muc,tom_su
muc,tom_tich
rieu_cua,tom_su
rieu_cua,tom_tich
thit_ga,tom_su
thit_ga,tom_tich
thit_ga,cha_ca
thit_ga,muc
thit_ga,rieu_cua
tom_su,cha_ca
tom_su,muc
tom_su,rieu_cua
tom_tich,cha_ca
tom_tich,muc
tom_tich,rieu_cua
rieu_cua,cha_ca
rieu_cua,muc
rieu_cua,thit_ga
tom_su,cha_ca
tom_su,muc
tom_su,thit_ga
tom_tich,cha_ca
tom_tich,muc
tom_tich,thit_ga
rieu_cua,cha_ca
rieu_cua,muc
rieu_cua,tom_su
thit_ga,cha_ca
thit_ga,muc
thit_ga,tom_su
tom_tich,cha_ca
tom_tich,muc
tom_tich,tom_su
rieu_cua,cha_ca
rieu_cua,muc
rieu_cua,tom_tich
thit_ga,cha_ca
thit_ga,muc
thit_ga,tom_tich
tom_su,cha_ca
tom_su,muc
tom_su,tom_tich
muc,cha_ca
muc,rieu_cua
muc,thit_ga
tom_su,cha_ca
tom_su,rieu_cua
tom_su,thit_ga
tom_tich,cha_ca
tom_tich,rieu_cua
tom_tich,thit_ga
muc,cha_ca
muc,rieu_cua
muc,tom_su
thit_ga,cha_ca
thit_ga,rieu_cua
thit_ga,tom_su
tom_tich,cha_ca
tom_tich,rieu_cua
tom_tich,tom_su
muc,cha_ca
muc,rieu_cua
muc,tom_tich
thit_ga,cha_ca
thit_ga,rieu_cua
thit_ga,tom_tich
tom_su,cha_ca
tom_su,rieu_cua
tom_su,tom_tich
muc,cha_ca
muc,thit_ga
muc,tom_su
rieu_cua,cha_ca
rieu_cua,thit_ga
rieu_cua,tom_su
tom_tich,cha_ca
tom_tich,thit_ga
tom_tich,tom_su
muc,cha_ca
muc,thit_ga
muc,tom_tich
rieu_cua,cha_ca
rieu_cua,thit_ga
rieu_cua,tom_tich
tom_su,cha_ca
tom_su,thit_ga
tom_su,tom_tich
muc,cha_ca
muc,tom_su
muc,tom_tich
rieu_cua,cha_ca
rieu_cua,tom_su
rieu_cua,tom_tich
thit_ga,cha_ca
thit_ga,tom_su
thit_ga,tom_tich
cha_ca,muc
cha_ca,rieu_cua
cha_ca,thit_ga
tom_su,muc
tom_su,rieu_cua
tom_su,thit_ga
tom_tich,muc
tom_tich,rieu_cua
tom_tich,thit_ga
cha_ca,muc
cha_ca,rieu_cua
cha_ca,tom_su
thit_ga,muc
thit_ga,rieu_cua
thit_ga,tom_su
tom_tich,muc
tom_tich,rieu_cua
tom_tich,tom_su
cha_ca,muc
cha_ca,rieu_cua
cha_ca,tom_tich
thit_ga,muc
thit_ga,rieu_cua
thit_ga,tom_tich
tom_su,muc
tom_su,rieu_cua
tom_su,tom_tich
cha_ca,muc
cha_ca,thit_ga
cha_ca,tom_su
rieu_cua,muc
rieu_cua,thit_ga
rieu_cua,tom_su
tom_tich,muc
tom_tich,thit_ga
tom_tich,tom_su
cha_ca,muc
cha_ca,thit_ga
cha_ca,tom_tich
rieu_cua,muc
rieu_cua,thit_ga
rieu_cua,tom_tich
tom_su,muc
tom_su,thit_ga
tom_su,tom_tich
cha_ca,muc
cha_ca,tom_su
cha_ca,tom_tich
rieu_cua,muc
rieu_cua,tom_su
rieu_cua,tom_tich
thit_ga,muc
thit_ga,tom_su
thit_ga,tom_tich
cha_ca,rieu_cua
cha_ca,thit_ga
cha_ca,tom_su
muc,rieu_cua
muc,thit_ga
muc,tom_su
tom_tich,rieu_cua
tom_tich,thit_ga
tom_tich,tom_su
cha_ca,rieu_cua
cha_ca,thit_ga
cha_ca,tom_tich
muc,rieu_cua
muc,thit_ga
muc,tom_tich
tom_su,rieu_cua
tom_su,thit_ga
tom_su,tom_tich
cha_ca,rieu_cua
cha_ca,tom_su
cha_ca,tom_tich
muc,rieu_cua
muc,tom_su
muc,tom_tich
thit_ga,rieu_cua
thit_ga,tom_su
thit_ga,tom_tich
cha_ca,thit_ga
cha_ca,tom_su
cha_ca,tom_tich
muc,thit_ga
muc,tom_su
muc,tom_tich
rieu_cua,thit_ga
rieu_cua,tom_su
rieu_cua,tom_tich
tom_su,cha_ca
tom_su,muc
tom_su,rieu_cua
tom_su,thit_ga
tom_tich,cha_ca
tom_tich,muc
tom_tich,rieu_cua
tom_tich,thit_ga
thit_ga,cha_ca
thit_ga,muc
thit_ga,rieu_cua
thit_ga,tom_su
tom_tich,cha_ca
tom_tich,muc
tom_tich,rieu_cua
tom_tich,tom_su
thit_ga,cha_ca
thit_ga,muc
thit_ga,rieu_cua
thit_ga,tom_tich
tom_su,cha_ca
tom_su,muc
tom_su,rieu_cua
tom_su,tom_tich
rieu_cua,cha_ca
rieu_cua,muc
rieu_cua,thit_ga
rieu_cua,tom_su
tom_tich,cha_ca
tom_tich,muc
tom_tich,thit_ga
tom_tich,tom_su
rieu_cua,cha_ca
rieu_cua,muc
rieu_cua,thit_ga
rieu_cua,tom_tich
tom_su,cha_ca
tom_su,muc
tom_su,thit_ga
tom_su,tom_tich
rieu_cua,cha_ca
rieu_cua,muc
rieu_cua,tom_su
rieu_cua,tom_tich
thit_ga,cha_ca
thit_ga,muc
thit_ga,tom_su
thit_ga,tom_tich
muc,cha_ca
muc,rieu_cua
muc,thit_ga
muc,tom_su
tom_tich,cha_ca
tom_tich,rieu_cua
tom_tich,thit_ga
tom_tich,tom_su
muc,cha_ca
muc,rieu_cua
muc,thit_ga
muc,tom_tich
tom_su,cha_ca
tom_su,rieu_cua
tom_su,thit_ga
tom_su,tom_tich
muc,cha_ca
muc,rieu_cua
muc,tom_su
muc,tom_tich
thit_ga,cha_ca
thit_ga,rieu_cua
thit_ga,tom_su
thit_ga,tom_tich
muc,cha_ca
muc,thit_ga
muc,tom_su
muc,tom_tich
rieu_cua,cha_ca
rieu_cua,thit_ga
rieu_cua,tom_su
rieu_cua,tom_tich
cha_ca,muc
cha_ca,rieu_cua
cha_ca,thit_ga
cha_ca,tom_su
tom_tich,muc
tom_tich,rieu_cua
tom_tich,thit_ga
tom_tich,tom_su
cha_ca,muc
cha_ca,rieu_cua
cha_ca,thit_ga
cha_ca,tom_tich
tom_su,muc
tom_su,rieu_cua
tom_su,thit_ga
tom_su,tom_tich
cha_ca,muc
cha_ca,rieu_cua
cha_ca,tom_su
cha_ca,tom_tich
thit_ga,muc
thit_ga,rieu_cua
thit_ga,tom_su
thit_ga,tom_tich
cha_ca,muc
cha_ca,thit_ga
cha_ca,tom_su
cha_ca,tom_tich
rieu_cua,muc
rieu_cua,thit_ga
rieu_cua,tom_su
rieu_cua,tom_tich
cha_ca,rieu_cua
cha_ca,thit_ga
cha_ca,tom_su
cha_ca,tom_tich
muc,rieu_cua
muc,thit_ga
muc,tom_su
muc,tom_tich
tom_tich,cha_ca
tom_tich,muc
tom_tich,rieu_cua
tom_tich,thit_ga
tom_tich,tom_su
tom_su,cha_ca
tom_su,muc
tom_su,rieu_cua
tom_su,thit_ga
tom_su,tom_tich
thit_ga,cha_ca
thit_ga,muc
thit_ga,rieu_cua
thit_ga,tom_su
thit_ga,tom_tich
rieu_cua,cha_ca
rieu_cua,muc
rieu_cua,thit_ga
rieu_cua,tom_su
rieu_cua,tom_tich
muc,cha_ca
muc,rieu_cua
muc,thit_ga
muc,tom_su
muc,tom_tich
cha_ca,muc
cha_ca,rieu_cua
cha_ca,thit_ga
cha_ca,tom_su
cha_ca,tom_tich
